SlNo,Name,email,City
1,Arluene Meachem,ameachem0@opera.com,Santa Rosa
2,Rogers Daughtery,rdaughtery1@xing.com,Turbo
3,George Klampk,gklampk2@businesswire.com,Pytalovo
4,Thalia Virgin,tvirgin3@cafepress.com,Daliyuan
5,Waiter MacAdam,wmacadam4@dyndns.org,Křižanov
6,Prudence Brindle,pbrindle5@hugedomains.com,Shirokaya Rechka
7,Frannie Dael,fdael6@squidoo.com,Luna
8,Dorey Haselgrove,dhaselgrove7@discuz.net,Niitsu-honchō
9,Udell Macvain,umacvain8@bravesites.com,Uničov
10,Trista Braxton,tbraxton9@instagram.com,Babakan
11,Kelci Gascar,kgascara@webeden.co.uk,Lalukoen Dua
12,Alexis Delap,adelapb@photobucket.com,Estoril
13,Reta Wilder,rwilderc@multiply.com,Ulme
14,Thomasine Hemerijk,themerijkd@cnet.com,Pasirmadang
15,Fax Gligori,fgligorie@desdev.cn,Ol’ginka
16,Tuesday Cregin,tcreginf@pbs.org,Cacequi
17,Rona FitzGilbert,rfitzgilbertg@cisco.com,Kendari
18,Gabey Carren,gcarrenh@php.net,Tacarigua
19,Bail Linney,blinneyi@businessweek.com,Kokshetau
20,Libbey Ilyasov,lilyasovj@berkeley.edu,Hadāli
21,Carver Vannuchi,cvannuchik@blinklist.com,Jiangchuan
22,Worthington Goodridge,wgoodridgel@imdb.com,Tuanjie
23,Joni Bankhurst,jbankhurstm@cafepress.com,Dolati
24,Pepillo Tout,ptoutn@php.net,Kovači
25,Anna-diane Archbell,aarchbello@sourceforge.net,Carvalhal
26,Dolly Glass,dglassp@home.pl,Sendang
27,Jerry Lakes,jlakesq@bandcamp.com,Prince Albert
28,Kerrie Pickrell,kpickrellr@wunderground.com,Pinghu
29,Andria Aldred,aaldreds@imageshack.us,Datuan
30,Dyna Pezey,dpezeyt@joomla.org,Kochani
31,Sidoney Money,smoneyu@themeforest.net,Wentugaole
32,Jacklyn Renfrew,jrenfrewv@boston.com,New Orleans
33,Elia Brilon,ebrilonw@psu.edu,Drawno
34,Anett Rosenfrucht,arosenfruchtx@apple.com,Andrijevica
35,Elita Schoolcroft,eschoolcrofty@forbes.com,Jilong
36,Kaila Sommerfeld,ksommerfeldz@disqus.com,Kai
37,Devy Brackenbury,dbrackenbury10@irs.gov,Koubia
38,Colver Willarton,cwillarton11@hubpages.com,Bordeaux
39,Frederigo Pasek,fpasek12@wordpress.com,Remas
40,Ray Broderick,rbroderick13@ted.com,Shimorskoye
41,Mag Korba,mkorba14@google.it,Čelopek
42,Raff Cumberbatch,rcumberbatch15@prlog.org,Caseros
43,Alessandro Jorez,ajorez16@merriam-webster.com,Saint Petersburg
44,Hermina Bellworthy,hbellworthy17@printfriendly.com,Lincuo
45,Ignacius Spaice,ispaice18@home.pl,Ngurenrejo
46,Susette Charlet,scharlet19@prlog.org,Yaogou
47,Sunny Whitelock,swhitelock1a@noaa.gov,Ubud
48,Ardelle Artz,aartz1b@harvard.edu,Halmstad
49,Kristan Frampton,kframpton1c@ebay.co.uk,Nikol’sk
50,Ben Beeho,bbeeho1d@surveymonkey.com,Xushangqiao
51,Cristen Traice,ctraice1e@zimbio.com,Coaraci
52,Sanford Prozescky,sprozescky1f@epa.gov,Sekongkang Bawah
53,Gilberto Ings,gings1g@google.cn,Dalai
54,Earlie Jacqueminet,ejacqueminet1h@ovh.net,Argel
55,Ann-marie Grzelak,agrzelak1i@bigcartel.com,Ochër
56,Melloney Valenti,mvalenti1j@bbc.co.uk,Jaguimitan
57,Marlena Rosenbarg,mrosenbarg1k@wunderground.com,Buenavista
58,Douglass Perris,dperris1l@mashable.com,Listvyanskiy
59,Vinson Daunter,vdaunter1m@who.int,Morangis
60,Jacobo Ivashnyov,jivashnyov1n@upenn.edu,Moss
61,Blanche Aviss,baviss1o@blinklist.com,Debar
62,Kris Boat,kboat1p@yahoo.com,Helsingborg
63,Megan Dumphrey,mdumphrey1q@rakuten.co.jp,Kepuh
64,Almeria Pallasch,apallasch1r@weibo.com,Jiujie
65,Jeffie Frostdick,jfrostdick1s@pcworld.com,Ciherang
66,Marsiella Gerrey,mgerrey1t@ed.gov,Ash Shawātī
67,Kipp De Filippi,kde1u@arizona.edu,Noormarkku
68,Margie Leader,mleader1v@washingtonpost.com,Jardin
69,Claudell Markwick,cmarkwick1w@flickr.com,Cruz das Almas
70,Kenna Dey,kdey1x@ameblo.jp,Sindangrasa
71,Reynold Rushe,rrushe1y@pbs.org,Tamiso
72,Kizzee Mariette,kmariette1z@paginegialle.it,Ural
73,Eustace Rosenblatt,erosenblatt20@bandcamp.com,Dumingag
74,Beverie Surman-Wells,bsurmanwells21@usnews.com,Turmi
75,Carlee Bernardot,cbernardot22@wix.com,Rinang
76,Cinda Jolliffe,cjolliffe23@cam.ac.uk,Fort-de-France
77,Freemon Waskett,fwaskett24@addthis.com,Gaopi
78,Franklyn Rawlingson,frawlingson25@tinyurl.com,Jabłoń
79,Hamid Puckham,hpuckham26@tiny.cc,Ede
80,Stormie Christescu,schristescu27@go.com,Parkent
81,Ddene McRinn,dmcrinn28@independent.co.uk,Oświęcim
82,Ava Laxe,alaxe29@elegantthemes.com,Saint-Brieuc
83,Jobina Marmon,jmarmon2a@blog.com,Ayotupas
84,Sasha Tearney,stearney2b@youtube.com,Koba
85,Anna-maria McCaig,amccaig2c@geocities.jp,Xinglong
86,Barty Robertelli,brobertelli2d@wikispaces.com,Huangshan
87,Torey Cancellieri,tcancellieri2e@blog.com,Las Flores
88,Hollie Hender,hhender2f@seesaa.net,Yuzawa
89,Cate Eul,ceul2g@yellowpages.com,Arklow
90,Rem De Malchar,rde2h@webs.com,Peña Blanca
91,Dianemarie Allday,dallday2i@nydailynews.com,Meedhoo
92,Josephina Key,jkey2j@chicagotribune.com,Girang
93,Corrina Blencowe,cblencowe2k@buzzfeed.com,As Sukhnah
94,Allegra Caudle,acaudle2l@facebook.com,Město Libavá
95,Devy Denniss,ddenniss2m@yahoo.co.jp,Kupu
96,Corey Wilne,cwilne2n@weibo.com,Gorodets
97,Kimmi Espadas,kespadas2o@csmonitor.com,Qianshan
98,Lilah Squirrel,lsquirrel2p@myspace.com,Madrid
99,Joye Giffard,jgiffard2q@wsj.com,Siyabuswa
100,Angie Zanassi,azanassi2r@gov.uk,Emiliano Zapata
